Invoice ID,Customer type,Gender,Product line,Unit price,Quantity,Total
750-67-8428,Member,Female,Health and beauty,74.69,7,548.97
226-31-3081,Normal,Female,Electronic accessories,15.28,5,80.22
631-41-3108,Normal,Male,Home and lifestyle,46.33,7,340.53
123-19-1176,Member,Male,Health and beauty,58.22,8,489.05
373-73-7910,Normal,Male,Sports and travel,86.31,7,634.38
699-14-3026,Normal,Male,Electronic accessories,85.39,7,627.62
355-53-5943,Member,Female,Electronic accessories,68.84,6,433.69
315-22-5665,Normal,Female,Home and lifestyle,73.56,10,772.38
665-32-9167,Member,Female,Health and beauty,36.26,2,76.15
692-92-5582,Member,Female,Food and beverages,54.84,3,172.75
351-62-0822,Member,Female,Fashion accessories,14.48,4,60.82
529-56-3974,Member,Male,Electronic accessories,25.51,4,107.14
365-64-0515,Normal,Female,Electronic accessories,46.95,5,246.49
252-56-2699,Normal,Male,Food and beverages,43.19,10,453.50
829-34-3910,Normal,Female,Health and beauty,71.38,10,749.49
299-46-1805,Member,Female,Sports and travel,93.72,6,590.44
656-95-9349,Member,Female,Health and beauty,68.93,7,506.64
765-26-6951,Normal,Male,Sports and travel,72.61,6,457.44
329-62-1586,Normal,Male,Food and beverages,54.67,3,172.21
319-50-3348,Normal,Female,Home and lifestyle,40.30,2,84.63
300-71-4605,Member,Male,Electronic accessories,86.04,5,451.71
371-85-5789,Normal,Male,Health and beauty,87.98,3,277.14
273-16-6619,Normal,Male,Home and lifestyle,33.20,2,69.72
636-48-8204,Normal,Male,Electronic accessories,34.56,5,181.44
549-59-1358,Member,Male,Sports and travel,88.63,3,279.18
227-03-5010,Member,Female,Home and lifestyle,52.59,8,441.76
649-29-6775,Normal,Male,Fashion accessories,33.52,1,35.20
189-17-4241,Normal,Female,Fashion accessories,87.67,2,184.11
145-94-9061,Normal,Female,Food and beverages,88.36,5,463.89
848-62-7243,Normal,Male,Health and beauty,24.89,9,235.21
871-79-8483,Normal,Male,Fashion accessories,94.13,5,494.18
149-71-6266,Member,Male,Sports and travel,78.07,9,737.76
640-49-2076,Normal,Male,Sports and travel,83.78,8,703.75
595-11-5460,Normal,Male,Health and beauty,96.58,2,202.82
183-56-6882,Member,Female,Food and beverages,99.42,4,417.56
232-16-2483,Member,Female,Sports and travel,68.12,1,71.53
129-29-8530,Member,Male,Sports and travel,62.62,5,328.76
272-65-1806,Normal,Female,Electronic accessories,60.88,9,575.32
333-73-7901,Normal,Female,Health and beauty,54.92,8,461.33
777-82-7220,Member,Male,Home and lifestyle,30.12,8,253.01
280-35-5823,Member,Female,Home and lifestyle,86.72,1,91.06
554-53-8700,Member,Male,Home and lifestyle,56.11,2,117.83
354-25-5821,Member,Female,Sports and travel,69.12,6,435.46
228-96-1411,Member,Female,Food and beverages,98.70,8,829.08
617-15-4209,Member,Male,Health and beauty,15.37,2,32.28
132-32-9879,Member,Female,Electronic accessories,93.96,4,394.63
370-41-7321,Member,Male,Health and beauty,56.69,9,535.72
727-46-3608,Member,Female,Food and beverages,20.01,9,189.09
669-54-1719,Member,Male,Electronic accessories,18.93,6,119.26
574-22-5561,Member,Female,Fashion accessories,82.63,10,867.62
326-78-5178,Member,Male,Food and beverages,91.40,7,671.79
162-48-8011,Member,Female,Food and beverages,44.59,5,234.10
616-24-2851,Member,Female,Fashion accessories,17.87,4,75.05
778-71-5554,Member,Male,Fashion accessories,15.43,1,16.20
242-55-6721,Normal,Male,Home and lifestyle,16.16,2,33.94
399-46-5918,Normal,Female,Electronic accessories,85.98,8,722.23
106-35-6779,Member,Male,Home and lifestyle,44.34,2,93.11
635-40-6220,Normal,Male,Health and beauty,89.60,8,752.64
817-48-8732,Member,Female,Home and lifestyle,72.35,10,759.68
120-06-4233,Normal,Male,Electronic accessories,30.61,6,192.84
285-68-5083,Member,Female,Sports and travel,24.74,3,77.93
803-83-5989,Normal,Male,Home and lifestyle,55.73,6,351.10
347-34-2234,Member,Female,Sports and travel,55.07,9,520.41
199-75-8169,Member,Male,Sports and travel,15.81,10,166.01
853-23-2453,Member,Male,Health and beauty,75.74,4,318.11
877-22-3308,Member,Male,Health and beauty,15.87,10,166.64
838-78-4295,Normal,Female,Health and beauty,33.47,2,70.29
109-28-2512,Member,Female,Fashion accessories,97.61,6,614.94
232-11-3025,Normal,Male,Sports and travel,78.77,10,827.09
382-03-4532,Member,Female,Health and beauty,18.33,1,19.25
393-65-2792,Normal,Male,Food and beverages,89.48,10,939.54
796-12-2025,Normal,Male,Fashion accessories,62.12,10,652.26
510-95-6347,Member,Female,Food and beverages,48.52,3,152.84
841-35-6630,Normal,Female,Electronic accessories,75.91,6,478.23
287-21-9091,Normal,Male,Home and lifestyle,74.67,9,705.63
732-94-0499,Normal,Female,Electronic accessories,41.65,10,437.33
263-10-3913,Member,Male,Fashion accessories,49.04,9,463.43
381-20-0914,Member,Female,Fashion accessories,20.01,9,189.09
829-49-1914,Member,Female,Food and beverages,78.31,10,822.26
756-01-7507,Normal,Female,Health and beauty,20.38,5,107.00
870-72-4431,Normal,Female,Health and beauty,99.19,6,624.90
847-38-7188,Normal,Female,Food and beverages,96.68,3,304.54
480-63-2856,Normal,Male,Food and beverages,19.25,8,161.70
787-56-0757,Member,Female,Food and beverages,80.36,4,337.51
360-39-5055,Member,Male,Sports and travel,48.91,5,256.78
730-50-9884,Normal,Female,Sports and travel,83.06,7,610.49
362-58-8315,Normal,Male,Fashion accessories,76.52,5,401.73
633-44-8566,Member,Male,Food and beverages,49.38,7,362.94
504-35-8843,Normal,Male,Sports and travel,42.47,1,44.59
318-68-5053,Normal,Female,Health and beauty,76.99,6,485.04
565-80-5980,Member,Female,Home and lifestyle,47.38,4,199.00
225-32-0908,Normal,Female,Sports and travel,44.86,10,471.03
873-51-0671,Member,Female,Sports and travel,21.98,7,161.55
152-08-9985,Member,Male,Health and beauty,64.36,9,608.20
512-91-0811,Normal,Male,Health and beauty,89.75,1,94.24
594-34-4444,Normal,Male,Electronic accessories,97.16,1,102.02
766-85-7061,Normal,Male,Health and beauty,87.87,10,922.64
871-39-9221,Normal,Female,Electronic accessories,12.45,6,78.44
865-92-6136,Normal,Male,Food and beverages,52.75,3,166.16
733-01-9107,Normal,Male,Home and lifestyle,82.70,6,521.01
163-56-7055,Member,Male,Fashion accessories,48.71,1,51.15
189-98-2939,Normal,Male,Fashion accessories,78.55,9,742.30
551-21-3069,Normal,Female,Electronic accessories,23.07,9,218.01
212-62-1842,Normal,Male,Food and beverages,58.26,6,367.04
716-39-1409,Normal,Male,Health and beauty,30.35,7,223.07
704-48-3927,Member,Male,Electronic accessories,88.67,10,931.04
628-34-3388,Normal,Male,Fashion accessories,27.38,6,172.49
630-74-5166,Normal,Male,Sports and travel,62.13,6,391.42
588-01-7461,Normal,Female,Food and beverages,33.98,9,321.11
861-77-0145,Member,Male,Electronic accessories,81.97,10,860.69
479-26-8945,Member,Female,Sports and travel,16.49,2,34.63
210-67-5886,Member,Female,Health and beauty,98.21,3,309.36
227-78-1148,Normal,Female,Fashion accessories,72.84,7,535.37
645-44-1170,Member,Male,Home and lifestyle,58.07,9,548.76
237-01-6122,Member,Female,Home and lifestyle,80.79,9,763.47
225-98-1496,Normal,Female,Fashion accessories,27.02,3,85.11
291-32-1427,Member,Male,Fashion accessories,21.94,5,115.19
659-65-8956,Member,Male,Fashion accessories,51.36,1,53.93
642-32-2990,Normal,Female,Food and beverages,10.96,10,115.08
378-24-2715,Normal,Male,Home and lifestyle,53.44,2,112.22
638-60-7125,Normal,Female,Electronic accessories,99.56,8,836.30
659-36-1684,Member,Male,Sports and travel,57.12,7,419.83
219-22-9386,Member,Male,Sports and travel,99.96,9,944.62
336-78-2147,Member,Male,Home and lifestyle,63.91,8,536.84
268-27-6179,Member,Female,Fashion accessories,56.47,8,474.35
668-90-8900,Normal,Female,Home and lifestyle,93.69,7,688.62
870-54-3162,Normal,Female,Sports and travel,32.25,5,169.31
189-08-9157,Normal,Female,Fashion accessories,31.73,9,299.85
663-86-9076,Member,Female,Food and beverages,68.54,8,575.74
549-84-7482,Normal,Female,Sports and travel,90.28,9,853.15
191-10-6171,Normal,Female,Fashion accessories,39.62,7,291.21
802-70-5316,Member,Female,Sports and travel,92.13,6,580.42
695-51-0018,Normal,Female,Sports and travel,34.84,4,146.33
590-83-4591,Member,Male,Electronic accessories,87.45,6,550.94
483-71-1164,Normal,Female,Health and beauty,81.30,6,512.19
597-78-7908,Normal,Male,Fashion accessories,90.22,3,284.19
700-81-1757,Normal,Female,Electronic accessories,26.31,5,138.13
354-39-5160,Member,Female,Home and lifestyle,34.42,6,216.85
241-72-9525,Normal,Male,Sports and travel,51.91,10,545.06
575-30-8091,Normal,Male,Sports and travel,72.50,8,609.00
731-81-9469,Member,Female,Sports and travel,89.80,10,942.90
280-17-4359,Member,Male,Health and beauty,90.50,10,950.25
338-65-2210,Member,Female,Health and beauty,68.60,10,720.30
488-25-4221,Member,Female,Food and beverages,30.41,1,31.93
239-10-7476,Normal,Female,Home and lifestyle,77.95,6,491.09
458-41-1477,Normal,Female,Health and beauty,46.26,6,291.44
685-64-1609,Member,Female,Fashion accessories,30.14,10,316.47
568-90-5112,Normal,Male,Health and beauty,66.14,4,277.79
262-47-2794,Member,Male,Home and lifestyle,71.86,8,603.62
238-49-0436,Normal,Male,Health and beauty,32.46,8,272.66
608-96-3517,Member,Female,Fashion accessories,91.54,4,384.47
584-86-7256,Member,Male,Sports and travel,34.56,7,254.02
746-94-0204,Normal,Male,Fashion accessories,83.24,9,786.62
214-17-6927,Normal,Female,Food and beverages,16.48,6,103.82
400-89-4171,Normal,Female,Sports and travel,80.97,8,680.15
782-95-9291,Member,Male,Food and beverages,92.29,5,484.52
279-74-2924,Member,Male,Electronic accessories,72.17,1,75.78
307-85-2293,Normal,Male,Home and lifestyle,50.28,5,263.97
743-04-1105,Member,Male,Health and beauty,97.22,9,918.73
423-57-2993,Normal,Male,Sports and travel,93.39,6,588.36
894-41-5205,Normal,Female,Food and beverages,43.18,8,362.71
275-28-0149,Normal,Male,Sports and travel,63.69,1,66.87
101-17-6199,Normal,Male,Food and beverages,45.79,7,336.56
423-80-0988,Normal,Male,Sports and travel,76.40,2,160.44
548-46-9322,Normal,Male,Food and beverages,39.90,10,418.95
505-02-0892,Member,Male,Health and beauty,42.57,8,357.59
234-65-2137,Normal,Male,Home and lifestyle,95.58,10,1003.59
687-47-8271,Normal,Male,Fashion accessories,98.98,10,1039.29
796-32-9050,Normal,Male,Food and beverages,51.28,6,323.06
105-31-1824,Member,Male,Sports and travel,69.52,7,510.97
249-42-3782,Normal,Male,Health and beauty,70.01,5,367.55
316-55-4634,Member,Male,Food and beverages,80.05,5,420.26
733-33-4967,Normal,Male,Electronic accessories,20.85,8,175.14
608-27-6295,Member,Male,Electronic accessories,52.89,6,333.21
414-12-7047,Normal,Male,Food and beverages,19.79,8,166.24
827-26-2100,Member,Male,Home and lifestyle,33.84,9,319.79
175-54-2529,Member,Male,Food and beverages,22.17,8,186.23
139-52-2867,Normal,Female,Fashion accessories,22.51,7,165.45
407-63-8975,Normal,Male,Food and beverages,73.88,6,465.44
342-65-4817,Member,Male,Health and beauty,86.80,3,273.42
130-98-8941,Normal,Male,Fashion accessories,64.26,7,472.31
434-83-9547,Member,Male,Food and beverages,38.47,8,323.15
851-28-6367,Member,Male,Sports and travel,15.50,10,162.75
824-88-3614,Normal,Male,Health and beauty,34.31,8,288.20
586-25-0848,Normal,Female,Sports and travel,12.34,7,90.70
895-66-0685,Member,Male,Food and beverages,18.08,3,56.95
305-14-0245,Member,Female,Home and lifestyle,94.49,8,793.72
732-04-5373,Member,Male,Home and lifestyle,46.47,4,195.17
400-60-7251,Normal,Male,Home and lifestyle,74.07,1,77.77
593-65-1552,Normal,Female,Home and lifestyle,69.81,4,293.20
284-34-9626,Normal,Female,Home and lifestyle,77.04,3,242.68
437-58-8131,Normal,Female,Fashion accessories,73.52,2,154.39
286-43-6208,Normal,Female,Food and beverages,87.80,9,829.71
641-43-2399,Normal,Male,Home and lifestyle,25.55,4,107.31
831-07-6050,Normal,Male,Electronic accessories,32.71,5,171.73
556-86-3144,Member,Female,Fashion accessories,74.29,1,78.00
848-24-9445,Member,Male,Health and beauty,43.70,2,91.77
856-22-8149,Normal,Female,Home and lifestyle,25.29,1,26.55
699-01-4164,Normal,Male,Health and beauty,41.50,4,174.30
420-11-4919,Member,Female,Food and beverages,71.39,5,374.80
606-80-4905,Member,Female,Sports and travel,19.15,6,120.65
542-41-0513,Member,Female,Electronic accessories,57.49,4,241.46
426-39-2418,Normal,Male,Electronic accessories,61.41,7,451.36
875-46-5808,Member,Male,Health and beauty,25.90,10,271.95
394-43-4238,Member,Male,Home and lifestyle,17.77,5,93.29
749-24-1565,Normal,Female,Health and beauty,23.03,9,217.63
672-51-8681,Member,Female,Electronic accessories,66.65,9,629.84
263-87-5680,Member,Female,Home and lifestyle,28.53,10,299.57
573-58-9734,Normal,Female,Fashion accessories,30.37,3,95.67
817-69-8206,Normal,Female,Electronic accessories,99.73,9,942.45
888-02-0338,Normal,Male,Electronic accessories,26.23,9,247.87
677-11-0152,Normal,Female,Food and beverages,93.26,9,881.31
142-63-6033,Normal,Male,Home and lifestyle,92.36,5,484.89
656-16-1063,Normal,Male,Sports and travel,46.42,3,146.22
891-58-8335,Member,Female,Sports and travel,29.61,7,217.63
802-43-8934,Normal,Male,Home and lifestyle,18.28,1,19.19
560-30-5617,Normal,Female,Sports and travel,24.77,5,130.04
319-74-2561,Member,Female,Electronic accessories,94.64,3,298.12
549-03-9315,Normal,Male,Fashion accessories,94.87,8,796.91
790-29-1172,Normal,Female,Food and beverages,57.34,3,180.62
239-36-3640,Normal,Male,Electronic accessories,45.35,6,285.71
468-01-2051,Normal,Male,Food and beverages,62.08,7,456.29
389-25-3394,Normal,Male,Electronic accessories,11.81,5,62.00
279-62-1445,Member,Female,Fashion accessories,12.54,1,13.17
213-72-6612,Normal,Male,Food and beverages,43.25,2,90.83
746-68-6593,Member,Female,Sports and travel,87.16,2,183.04
836-82-5858,Member,Male,Health and beauty,69.37,9,655.55
583-72-1480,Member,Male,Electronic accessories,37.06,4,155.65
466-61-5506,Member,Female,Electronic accessories,90.70,6,571.41
721-86-6247,Normal,Female,Home and lifestyle,63.42,8,532.73
289-65-5721,Normal,Female,Fashion accessories,81.37,2,170.88
545-46-3100,Member,Female,Electronic accessories,10.59,3,33.36
418-02-5978,Normal,Female,Health and beauty,84.09,9,794.65
269-04-5750,Member,Male,Fashion accessories,73.82,4,310.04
157-13-5295,Member,Male,Health and beauty,51.94,10,545.37
645-78-8093,Normal,Female,Sports and travel,93.14,2,195.59
211-30-9270,Normal,Male,Health and beauty,17.41,5,91.40
755-12-3214,Member,Female,Fashion accessories,44.22,5,232.16
346-84-3103,Member,Female,Electronic accessories,13.22,5,69.41
478-06-7835,Normal,Male,Fashion accessories,89.69,1,94.17
540-11-4336,Normal,Male,Food and beverages,24.94,9,235.68
448-81-5016,Normal,Male,Health and beauty,59.77,2,125.52
142-72-4741,Member,Male,Fashion accessories,93.20,2,195.72
217-58-1179,Member,Male,Home and lifestyle,62.65,4,263.13
376-02-8238,Normal,Male,Home and lifestyle,93.87,8,788.51
530-90-9855,Member,Male,Home and lifestyle,47.59,8,399.76
866-05-7563,Member,Female,Electronic accessories,81.40,3,256.41
604-70-6476,Member,Male,Fashion accessories,17.94,5,94.19
799-71-1548,Member,Male,Electronic accessories,77.72,4,326.42
785-13-7708,Normal,Male,Food and beverages,73.06,7,536.99
845-51-0542,Member,Male,Food and beverages,46.55,9,439.90
662-47-5456,Member,Male,Fashion accessories,35.19,10,369.50
883-17-4236,Normal,Female,Sports and travel,14.39,2,30.22
290-68-2984,Normal,Male,Home and lifestyle,23.75,4,99.75
704-11-6354,Member,Male,Home and lifestyle,58.90,8,494.76
110-48-7033,Member,Male,Fashion accessories,32.62,4,137.00
366-93-0948,Member,Male,Electronic accessories,66.35,1,69.67
729-09-9681,Member,Male,Home and lifestyle,25.91,6,163.23
151-16-1484,Member,Male,Electronic accessories,32.25,4,135.45
380-94-4661,Member,Male,Electronic accessories,65.94,4,276.95
850-41-9669,Normal,Female,Electronic accessories,75.06,9,709.32
821-07-3596,Normal,Female,Fashion accessories,16.45,4,69.09
655-85-5130,Member,Female,Fashion accessories,38.30,4,160.86
447-15-7839,Member,Female,Sports and travel,22.24,10,233.52
154-74-7179,Normal,Male,Sports and travel,54.45,1,57.17
253-12-6086,Member,Female,Sports and travel,98.40,7,723.24
808-65-0703,Normal,Male,Home and lifestyle,35.47,4,148.97
571-94-0759,Member,Female,Food and beverages,74.60,10,783.30
144-51-6085,Member,Male,Home and lifestyle,70.74,4,297.11
731-14-2199,Member,Female,Home and lifestyle,35.54,10,373.17
783-09-1637,Normal,Female,Sports and travel,67.43,5,354.01
687-15-1097,Member,Female,Health and beauty,21.12,2,44.35
126-54-1082,Member,Female,Home and lifestyle,21.54,9,203.55
633-91-1052,Normal,Female,Home and lifestyle,12.03,2,25.26
477-24-6490,Normal,Female,Health and beauty,99.71,6,628.17
566-19-5475,Normal,Male,Fashion accessories,47.97,7,352.58
526-86-8552,Member,Female,Home and lifestyle,21.82,10,229.11
376-56-3573,Normal,Female,Fashion accessories,95.42,4,400.76
537-72-0426,Member,Male,Fashion accessories,70.99,10,745.40
828-61-5674,Member,Male,Sports and travel,44.02,10,462.21
136-08-6195,Normal,Female,Home and lifestyle,69.96,8,587.66
523-38-0215,Normal,Male,Home and lifestyle,37.00,1,38.85
490-29-1201,Normal,Female,Sports and travel,15.34,1,16.11
667-92-0055,Member,Male,Health and beauty,99.83,6,628.93
565-17-3836,Member,Female,Health and beauty,47.67,4,200.21
498-41-1961,Normal,Male,Health and beauty,66.68,5,350.07
593-95-4461,Member,Male,Home and lifestyle,74.86,1,78.60
226-71-3580,Normal,Female,Sports and travel,23.75,9,224.44
283-79-9594,Normal,Female,Food and beverages,48.51,7,356.55
430-60-3493,Member,Female,Home and lifestyle,94.88,7,697.37
139-20-0155,Member,Male,Electronic accessories,40.30,10,423.15
558-80-4082,Normal,Male,Electronic accessories,27.85,7,204.70
278-97-7759,Member,Female,Electronic accessories,62.48,1,65.60
316-68-6352,Member,Female,Food and beverages,36.36,2,76.36
585-03-5943,Normal,Male,Health and beauty,18.11,10,190.16
211-05-0490,Member,Female,Electronic accessories,51.92,5,272.58
727-75-6477,Normal,Male,Electronic accessories,28.84,4,121.13
744-02-5987,Member,Male,Home and lifestyle,78.38,6,493.79
307-83-9164,Member,Male,Home and lifestyle,60.01,4,252.04
779-06-0012,Member,Female,Home and lifestyle,88.61,1,93.04
446-47-6729,Normal,Male,Fashion accessories,99.82,2,209.62
573-10-3877,Member,Male,Health and beauty,39.01,1,40.96
735-06-4124,Normal,Male,Food and beverages,48.61,1,51.04
439-54-7422,Normal,Female,Electronic accessories,51.19,4,215.00
396-90-2219,Normal,Female,Electronic accessories,14.96,8,125.66
411-77-0180,Member,Male,Electronic accessories,72.20,7,530.67
286-01-5402,Normal,Female,Sports and travel,40.23,7,295.69
803-17-8013,Member,Female,Home and lifestyle,88.79,8,745.84
512-98-1403,Member,Female,Electronic accessories,26.48,3,83.41
848-42-2560,Normal,Female,Fashion accessories,81.91,2,172.01
532-59-7201,Member,Male,Sports and travel,79.93,6,503.56
181-94-6432,Member,Male,Fashion accessories,69.33,2,145.59
870-76-1733,Member,Female,Food and beverages,14.23,5,74.71
423-64-4619,Member,Female,Health and beauty,15.55,9,146.95
227-07-4446,Member,Female,Electronic accessories,78.13,10,820.37
174-36-3675,Member,Male,Food and beverages,99.37,2,208.68
428-83-5800,Member,Female,Food and beverages,21.08,3,66.40
603-07-0961,Member,Male,Electronic accessories,74.79,5,392.65
704-20-4138,Member,Female,Health and beauty,29.67,7,218.07
787-15-1757,Member,Male,Health and beauty,44.07,4,185.09
649-11-3678,Normal,Female,Food and beverages,22.93,9,216.69
622-20-1945,Normal,Female,Health and beauty,39.42,1,41.39
372-94-8041,Normal,Male,Health and beauty,15.26,6,96.14
563-91-7120,Normal,Female,Fashion accessories,61.77,5,324.29
746-54-5508,Normal,Male,Home and lifestyle,21.52,6,135.58
276-54-0879,Normal,Male,Sports and travel,97.74,4,410.51
815-11-1168,Member,Male,Food and beverages,99.78,5,523.85
719-76-3868,Member,Male,Food and beverages,94.26,4,395.89
730-61-8757,Member,Male,Health and beauty,51.13,4,214.75
340-66-0321,Member,Male,Electronic accessories,36.36,4,152.71
868-81-1752,Normal,Male,Home and lifestyle,22.02,9,208.09
634-97-8956,Normal,Male,Food and beverages,32.90,3,103.64
566-71-1091,Normal,Male,Fashion accessories,77.02,5,404.36
442-48-3607,Member,Male,Food and beverages,23.48,2,49.31
835-16-0096,Member,Male,Sports and travel,14.70,5,77.18
527-09-6272,Member,Female,Electronic accessories,28.45,5,149.36
898-04-2717,Normal,Male,Fashion accessories,76.40,9,721.98
692-27-8933,Normal,Female,Sports and travel,57.95,6,365.09
633-09-3463,Normal,Female,Electronic accessories,47.65,3,150.10
374-17-3652,Member,Female,Food and beverages,42.82,9,404.65
378-07-7001,Member,Male,Electronic accessories,48.09,3,151.48
433-75-6987,Member,Female,Health and beauty,55.97,7,411.38
873-95-4984,Member,Female,Health and beauty,76.90,7,565.22
416-13-5917,Normal,Female,Food and beverages,97.03,5,509.41
150-89-8043,Normal,Male,Sports and travel,44.65,3,140.65
135-84-8019,Normal,Female,Fashion accessories,77.93,9,736.44
441-94-7118,Member,Male,Electronic accessories,71.95,1,75.55
725-96-3778,Member,Female,Home and lifestyle,89.25,8,749.70
531-80-1784,Normal,Male,Electronic accessories,26.02,7,191.25
400-45-1220,Normal,Female,Health and beauty,13.50,10,141.75
860-79-0874,Member,Female,Fashion accessories,99.30,10,1042.65
834-61-8124,Normal,Male,Electronic accessories,51.69,7,379.92
115-99-4379,Member,Female,Fashion accessories,54.73,7,402.27
565-67-6697,Member,Male,Home and lifestyle,27.00,9,255.15
320-49-6392,Normal,Female,Electronic accessories,30.24,1,31.75
889-04-9723,Member,Female,Food and beverages,89.14,4,374.39
632-90-0281,Normal,Female,Fashion accessories,37.55,10,394.28
554-42-2417,Normal,Female,Sports and travel,95.44,10,1002.12
453-63-6187,Normal,Male,Electronic accessories,27.50,3,86.63
578-80-7669,Normal,Male,Sports and travel,74.97,1,78.72
612-36-5536,Member,Male,Food and beverages,80.96,8,680.06
605-72-4132,Normal,Female,Food and beverages,94.47,8,793.55
471-41-2823,Normal,Male,Food and beverages,99.79,2,209.56
462-67-9126,Normal,Male,Home and lifestyle,73.22,6,461.29
272-27-9238,Normal,Female,Food and beverages,41.24,4,173.21
834-25-9262,Normal,Female,Fashion accessories,81.68,4,343.06
122-61-9553,Normal,Female,Electronic accessories,51.32,9,484.97
468-88-0009,Member,Male,Home and lifestyle,65.94,4,276.95
613-59-9758,Normal,Female,Sports and travel,14.36,10,150.78
254-31-0042,Member,Male,Electronic accessories,21.50,9,203.18
201-86-2184,Member,Female,Electronic accessories,26.26,7,193.01
261-12-8671,Normal,Female,Fashion accessories,60.96,2,128.02
730-70-9830,Normal,Female,Home and lifestyle,70.11,6,441.69
382-25-8917,Normal,Male,Fashion accessories,42.08,6,265.10
422-29-8786,Normal,Female,Home and lifestyle,67.09,5,352.22
667-23-5919,Member,Female,Fashion accessories,96.70,5,507.68
843-01-4703,Member,Female,Home and lifestyle,35.38,9,334.34
743-88-1662,Normal,Male,Sports and travel,95.49,7,701.85
595-86-2894,Member,Male,Fashion accessories,96.98,4,407.32
182-69-8360,Normal,Female,Electronic accessories,23.65,4,99.33
289-15-7034,Member,Male,Sports and travel,82.33,4,345.79
462-78-5240,Normal,Female,Electronic accessories,26.61,2,55.88
868-52-7573,Normal,Female,Food and beverages,99.69,5,523.37
153-58-4872,Member,Female,Food and beverages,74.89,4,314.54
662-72-2873,Normal,Female,Food and beverages,40.94,5,214.94
525-88-7307,Member,Male,Sports and travel,75.82,1,79.61
689-16-9784,Normal,Male,Food and beverages,46.77,6,294.65
725-56-0833,Normal,Female,Health and beauty,32.32,10,339.36
394-41-0748,Member,Female,Fashion accessories,54.07,9,510.96
596-42-3999,Normal,Male,Food and beverages,18.22,7,133.92
541-89-9860,Member,Female,Fashion accessories,80.48,3,253.51
173-82-9529,Normal,Female,Fashion accessories,37.95,10,398.48
563-36-9814,Member,Male,Electronic accessories,76.82,1,80.66
308-47-4913,Member,Female,Sports and travel,52.26,10,548.73
885-17-6250,Normal,Female,Health and beauty,79.74,1,83.73
726-27-2396,Normal,Female,Health and beauty,77.50,5,406.88
316-01-3952,Normal,Female,Food and beverages,54.27,5,284.92
760-54-1821,Normal,Male,Home and lifestyle,13.59,9,128.43
793-10-3222,Member,Female,Health and beauty,41.06,6,258.68
346-12-3257,Member,Male,Electronic accessories,19.24,9,181.82
110-05-6330,Normal,Female,Food and beverages,39.43,6,248.41
651-61-0874,Normal,Male,Home and lifestyle,46.22,4,194.12
236-86-3015,Member,Male,Home and lifestyle,13.98,1,14.68
831-64-0259,Normal,Female,Fashion accessories,39.75,5,208.69
587-03-7455,Member,Female,Fashion accessories,97.79,7,718.76
882-40-4577,Member,Male,Sports and travel,67.26,4,282.49
732-67-5346,Normal,Male,Food and beverages,13.79,5,72.40
725-32-9708,Member,Female,Fashion accessories,68.71,4,288.58
256-08-8343,Normal,Female,Home and lifestyle,56.53,4,237.43
372-26-1506,Normal,Female,Fashion accessories,23.82,5,125.06
244-08-0162,Normal,Female,Health and beauty,34.21,10,359.21
569-71-4390,Normal,Male,Sports and travel,21.87,2,45.93
132-23-6451,Member,Male,Health and beauty,20.97,5,110.09
696-90-2548,Normal,Male,Sports and travel,25.84,3,81.40
472-15-9636,Normal,Male,Home and lifestyle,50.93,8,427.81
268-03-6164,Normal,Male,Health and beauty,96.11,1,100.92
750-57-9686,Normal,Female,Home and lifestyle,45.38,4,190.60
186-09-3669,Member,Female,Health and beauty,81.51,1,85.59
848-07-1692,Normal,Female,Health and beauty,57.22,2,120.16
745-71-3520,Member,Female,Electronic accessories,25.22,7,185.37
266-76-6436,Member,Female,Food and beverages,38.60,3,121.59
740-22-2500,Normal,Female,Electronic accessories,84.05,3,264.76
271-88-8734,Member,Female,Fashion accessories,97.21,10,1020.71
301-81-8610,Member,Male,Fashion accessories,25.42,8,213.53
489-64-4354,Normal,Male,Fashion accessories,16.28,1,17.09
198-84-7132,Member,Male,Fashion accessories,40.61,9,383.76
269-10-8440,Member,Male,Health and beauty,53.17,7,390.80
650-98-6268,Member,Female,Food and beverages,20.87,3,65.74
741-73-3559,Normal,Male,Sports and travel,67.27,5,353.17
325-77-6186,Member,Female,Home and lifestyle,90.65,10,951.83
286-75-7818,Normal,Male,Fashion accessories,69.08,2,145.07
574-57-9721,Normal,Male,Food and beverages,43.27,2,90.87
459-50-7686,Normal,Female,Electronic accessories,23.46,6,147.80
616-87-0016,Normal,Male,Fashion accessories,95.54,7,702.22
837-55-7229,Normal,Female,Fashion accessories,47.44,1,49.81
751-69-0068,Normal,Male,Sports and travel,99.24,9,937.82
257-73-1380,Member,Male,Sports and travel,82.93,4,348.31
345-08-4992,Normal,Male,Home and lifestyle,33.99,6,214.14
549-96-4200,Member,Male,Food and beverages,17.04,4,71.57
810-60-6344,Normal,Female,Electronic accessories,40.86,8,343.22
450-28-2866,Member,Male,Food and beverages,17.44,5,91.56
394-30-3170,Member,Female,Sports and travel,88.43,8,742.81
138-17-5109,Member,Female,Home and lifestyle,89.21,9,843.03
192-98-7397,Normal,Male,Fashion accessories,12.78,1,13.42
301-11-9629,Normal,Female,Sports and travel,19.10,7,140.39
390-80-5128,Member,Female,Health and beauty,19.15,1,20.11
235-46-8343,Member,Male,Food and beverages,27.66,10,290.43
453-12-7053,Normal,Male,Fashion accessories,45.74,3,144.08
296-11-7041,Member,Female,Health and beauty,27.07,1,28.42
449-27-2918,Member,Female,Sports and travel,39.12,1,41.08
891-01-7034,Normal,Female,Electronic accessories,74.71,6,470.67
744-09-5786,Normal,Male,Electronic accessories,22.01,6,138.66
727-17-0390,Normal,Female,Food and beverages,63.61,5,333.95
568-88-3448,Normal,Male,Health and beauty,25.00,1,26.25
187-83-5490,Member,Male,Electronic accessories,20.77,4,87.23
767-54-1907,Member,Female,Fashion accessories,29.56,5,155.19
710-46-4433,Member,Female,Food and beverages,77.40,9,731.43
533-33-5337,Normal,Male,Electronic accessories,79.39,10,833.60
325-90-8763,Member,Female,Electronic accessories,46.57,10,488.99
729-46-7422,Normal,Male,Food and beverages,35.89,1,37.68
639-76-1242,Normal,Male,Food and beverages,40.52,5,212.73
234-03-4040,Member,Female,Food and beverages,73.05,10,767.03
326-71-2155,Normal,Female,Sports and travel,73.95,4,310.59
320-32-8842,Member,Female,Food and beverages,22.62,1,23.75
470-32-9057,Member,Male,Food and beverages,51.34,5,269.54
878-30-2331,Member,Female,Sports and travel,54.55,10,572.78
440-59-5691,Member,Female,Health and beauty,37.15,7,273.05
554-53-3790,Normal,Male,Sports and travel,37.02,6,233.23
746-19-0921,Normal,Male,Food and beverages,21.58,1,22.66
233-34-0817,Member,Female,Electronic accessories,98.84,1,103.78
767-05-1286,Member,Female,Home and lifestyle,83.77,6,527.75
340-21-9136,Member,Female,Sports and travel,40.05,4,168.21
405-31-3305,Member,Male,Fashion accessories,43.13,10,452.87
731-59-7531,Member,Male,Health and beauty,72.57,8,609.59
676-39-6028,Member,Female,Electronic accessories,64.44,5,338.31
502-05-1910,Normal,Male,Health and beauty,65.18,3,205.32
485-30-8700,Normal,Female,Sports and travel,33.26,5,174.62
598-47-9715,Normal,Male,Electronic accessories,84.07,4,353.09
701-69-8742,Normal,Male,Sports and travel,34.37,10,360.89
575-67-1508,Normal,Male,Electronic accessories,38.60,1,40.53
541-08-3113,Normal,Male,Food and beverages,65.97,8,554.15
246-11-3901,Normal,Female,Electronic accessories,32.80,10,344.40
674-15-9296,Normal,Male,Sports and travel,37.14,5,194.99
305-18-3552,Member,Male,Home and lifestyle,60.38,10,633.99
493-65-6248,Member,Female,Sports and travel,36.98,10,388.29
438-01-4015,Member,Female,Sports and travel,49.49,4,207.86
709-58-4068,Normal,Female,Fashion accessories,41.09,10,431.45
795-49-7276,Normal,Male,Fashion accessories,37.15,4,156.03
556-72-8512,Normal,Male,Home and lifestyle,22.96,1,24.11
627-95-3243,Member,Female,Home and lifestyle,77.68,9,734.08
686-41-0932,Normal,Female,Fashion accessories,34.70,2,72.87
510-09-5628,Member,Female,Fashion accessories,19.66,10,206.43
608-04-3797,Member,Female,Health and beauty,25.32,8,212.69
148-82-2527,Member,Female,Home and lifestyle,12.12,10,127.26
437-53-3084,Normal,Male,Fashion accessories,99.89,2,209.77
632-32-4574,Normal,Male,Sports and travel,75.92,8,637.73
556-97-7101,Normal,Female,Electronic accessories,63.22,2,132.76
862-59-8517,Normal,Female,Food and beverages,90.24,6,568.51
401-18-8016,Member,Female,Sports and travel,98.13,1,103.04
420-18-8989,Member,Female,Sports and travel,51.52,8,432.77
277-63-2961,Member,Male,Sports and travel,73.97,1,77.67
573-98-8548,Member,Female,Fashion accessories,31.90,1,33.50
620-02-2046,Normal,Male,Home and lifestyle,69.40,2,145.74
282-35-2475,Normal,Female,Sports and travel,93.31,2,195.95
511-54-3087,Normal,Male,Sports and travel,88.45,1,92.87
726-29-6793,Member,Male,Electronic accessories,24.18,8,203.11
387-49-4215,Member,Female,Sports and travel,48.50,3,152.78
862-17-9201,Normal,Female,Food and beverages,84.05,6,529.52
291-21-5991,Member,Male,Health and beauty,61.29,5,321.77
602-80-9671,Member,Female,Home and lifestyle,15.95,6,100.49
347-72-6115,Member,Female,Sports and travel,90.74,7,666.94
209-61-0206,Normal,Female,Home and lifestyle,42.91,5,225.28
595-27-4851,Normal,Female,Fashion accessories,54.28,7,398.96
189-52-0236,Normal,Male,Electronic accessories,99.55,7,731.69
503-07-0930,Member,Male,Sports and travel,58.39,7,429.17
413-20-6708,Member,Female,Fashion accessories,51.47,1,54.04
425-85-2085,Member,Male,Health and beauty,54.86,5,288.02
521-18-7827,Member,Male,Home and lifestyle,39.39,5,206.80
220-28-1851,Normal,Male,Home and lifestyle,34.73,2,72.93
600-38-9738,Member,Male,Sports and travel,71.92,5,377.58
734-91-1155,Normal,Female,Electronic accessories,45.71,3,143.99
451-28-5717,Member,Female,Home and lifestyle,83.17,6,523.97
609-81-8548,Member,Female,Home and lifestyle,37.44,6,235.87
133-14-7229,Normal,Male,Health and beauty,62.87,2,132.03
534-01-4457,Normal,Male,Food and beverages,81.71,6,514.77
719-89-8991,Member,Female,Sports and travel,91.41,5,479.90
286-62-6248,Normal,Male,Fashion accessories,39.21,4,164.68
339-38-9982,Member,Male,Fashion accessories,59.86,2,125.71
827-44-5872,Member,Female,Food and beverages,54.36,10,570.78
827-77-7633,Normal,Male,Sports and travel,98.09,9,926.95
287-83-1405,Normal,Male,Health and beauty,25.43,6,160.21
435-13-4908,Member,Male,Fashion accessories,86.68,8,728.11
857-67-9057,Normal,Male,Electronic accessories,22.95,10,240.98
236-27-1144,Normal,Female,Food and beverages,16.31,9,154.13
892-05-6689,Normal,Female,Home and lifestyle,28.32,5,148.68
583-41-4548,Normal,Male,Home and lifestyle,16.67,7,122.52
339-12-4827,Member,Female,Fashion accessories,73.96,1,77.66
643-38-7867,Normal,Male,Home and lifestyle,97.94,1,102.84
308-81-0538,Normal,Female,Fashion accessories,73.05,4,306.81
358-88-9262,Member,Female,Food and beverages,87.48,6,551.12
460-35-4390,Normal,Male,Home and lifestyle,30.68,3,96.64
343-87-0864,Member,Male,Health and beauty,75.88,1,79.67
173-50-1108,Member,Female,Sports and travel,20.18,4,84.76
243-47-2663,Member,Male,Electronic accessories,18.77,6,118.25
841-18-8232,Normal,Female,Food and beverages,71.20,1,74.76
701-23-5550,Member,Male,Home and lifestyle,38.81,4,163.00
647-50-1224,Normal,Female,Fashion accessories,29.42,10,308.91
541-48-8554,Normal,Male,Sports and travel,60.95,9,575.98
539-21-7227,Normal,Female,Sports and travel,51.54,5,270.59
213-32-1216,Normal,Female,Electronic accessories,66.06,6,416.18
747-58-7183,Normal,Male,Fashion accessories,57.27,3,180.40
582-52-8065,Normal,Female,Fashion accessories,54.31,9,513.23
210-57-1719,Normal,Female,Health and beauty,58.24,9,550.37
399-69-4630,Normal,Male,Electronic accessories,22.21,6,139.92
134-75-2619,Member,Male,Electronic accessories,19.32,7,142.00
356-44-8813,Normal,Male,Home and lifestyle,37.48,3,118.06
198-66-9832,Member,Female,Fashion accessories,72.04,2,151.28
283-26-5248,Member,Female,Food and beverages,98.52,10,1034.46
712-39-0363,Member,Male,Food and beverages,41.66,6,262.46
218-59-9410,Member,Female,Home and lifestyle,72.42,3,228.12
174-75-0888,Normal,Male,Electronic accessories,21.58,9,203.93
866-99-7614,Normal,Male,Food and beverages,89.20,10,936.60
134-54-4720,Normal,Female,Electronic accessories,42.42,8,356.33
760-90-2357,Member,Male,Electronic accessories,74.51,6,469.41
514-37-2845,Normal,Male,Fashion accessories,99.25,2,208.43
698-98-5964,Normal,Female,Food and beverages,81.21,10,852.71
718-57-9773,Normal,Female,Sports and travel,49.33,10,517.97
651-88-7328,Normal,Female,Fashion accessories,65.74,9,621.24
241-11-2261,Normal,Female,Fashion accessories,79.86,7,586.97
408-26-9866,Normal,Female,Sports and travel,73.98,7,543.75
834-83-1826,Member,Female,Home and lifestyle,82.04,5,430.71
343-61-3544,Member,Male,Sports and travel,26.67,10,280.04
239-48-4278,Member,Male,Food and beverages,10.13,7,74.46
355-34-6244,Normal,Male,Food and beverages,72.39,2,152.02
550-84-8664,Normal,Male,Sports and travel,85.91,5,451.03
339-96-8318,Member,Male,Fashion accessories,81.31,7,597.63
458-61-0011,Normal,Male,Food and beverages,60.30,4,253.26
592-34-6155,Normal,Male,Food and beverages,31.77,4,133.43
797-88-0493,Normal,Female,Health and beauty,64.27,4,269.93
207-73-1363,Normal,Male,Health and beauty,69.51,2,145.97
390-31-6381,Normal,Male,Food and beverages,27.22,3,85.74
443-82-0585,Member,Female,Health and beauty,77.68,4,326.26
339-18-7061,Member,Female,Fashion accessories,92.98,2,195.26
359-90-3665,Member,Female,Fashion accessories,18.08,4,75.94
375-72-3056,Normal,Male,Sports and travel,63.06,3,198.64
127-47-6963,Normal,Male,Health and beauty,51.71,4,217.18
278-86-2735,Normal,Female,Food and beverages,52.34,3,164.87
695-28-6250,Normal,Female,Sports and travel,43.06,5,226.07
379-17-6588,Normal,Male,Fashion accessories,59.61,10,625.91
227-50-3718,Normal,Male,Health and beauty,14.62,5,76.76
302-15-2162,Member,Male,Health and beauty,46.53,6,293.14
788-07-8452,Member,Female,Home and lifestyle,24.24,7,178.16
560-49-6611,Member,Female,Sports and travel,45.58,1,47.86
880-35-0356,Member,Female,Sports and travel,75.20,3,236.88
585-11-6748,Member,Male,Sports and travel,96.80,3,304.92
470-31-3286,Normal,Male,Health and beauty,14.82,3,46.68
152-68-2907,Normal,Male,Food and beverages,52.20,3,164.43
123-35-4896,Normal,Female,Sports and travel,46.66,9,440.94
258-69-7810,Normal,Female,Fashion accessories,36.85,5,193.46
334-64-2006,Member,Female,Home and lifestyle,70.32,2,147.67
219-61-4139,Normal,Male,Electronic accessories,83.08,1,87.23
881-41-7302,Normal,Female,Fashion accessories,64.99,1,68.24
373-09-4567,Normal,Male,Food and beverages,77.56,10,814.38
642-30-6693,Normal,Female,Sports and travel,54.51,6,343.41
484-22-8230,Member,Female,Fashion accessories,51.89,7,381.39
830-58-2383,Normal,Male,Home and lifestyle,31.75,4,133.35
559-98-9873,Member,Female,Fashion accessories,53.65,7,394.33
544-32-5024,Member,Female,Food and beverages,49.79,4,209.12
318-12-0304,Normal,Male,Fashion accessories,30.61,1,32.14
349-97-8902,Member,Male,Food and beverages,57.89,2,121.57
421-95-9805,Normal,Female,Electronic accessories,28.96,1,30.41
277-35-5865,Member,Female,Food and beverages,98.97,9,935.27
789-23-8625,Member,Male,Fashion accessories,93.22,3,293.64
284-54-4231,Member,Male,Sports and travel,80.93,1,84.98
443-59-0061,Member,Male,Food and beverages,67.45,10,708.23
509-29-3912,Member,Female,Sports and travel,38.72,9,365.90
327-40-9673,Member,Male,Sports and travel,72.60,6,457.38
840-19-2096,Member,Male,Electronic accessories,87.91,5,461.53
828-46-6863,Member,Male,Food and beverages,98.53,6,620.74
641-96-3695,Member,Female,Fashion accessories,43.46,6,273.80
420-97-3340,Normal,Female,Food and beverages,71.68,3,225.79
436-54-4512,Member,Female,Food and beverages,91.61,1,96.19
670-79-6321,Member,Female,Home and lifestyle,94.59,7,695.24
852-62-7105,Normal,Female,Fashion accessories,83.25,10,874.13
598-06-7312,Member,Male,Fashion accessories,91.35,1,95.92
135-13-8269,Member,Female,Food and beverages,78.88,2,165.65
816-57-2053,Normal,Male,Sports and travel,60.87,2,127.83
628-90-8624,Member,Male,Health and beauty,82.58,10,867.09
856-66-2701,Member,Male,Home and lifestyle,53.30,3,167.90
308-39-1707,Normal,Female,Fashion accessories,12.09,1,12.69
149-61-1929,Normal,Male,Sports and travel,64.19,10,674.00
655-07-2265,Normal,Male,Electronic accessories,78.31,3,246.68
589-02-8023,Member,Male,Food and beverages,83.77,2,175.92
420-04-7590,Normal,Male,Home and lifestyle,99.70,3,314.06
182-88-2763,Member,Male,Food and beverages,79.91,3,251.72
188-55-0967,Member,Male,Health and beauty,66.47,10,697.94
610-46-4100,Normal,Male,Health and beauty,28.95,7,212.78
318-81-2368,Normal,Female,Electronic accessories,46.20,1,48.51
364-33-8584,Member,Female,Food and beverages,17.63,5,92.56
665-63-9737,Normal,Male,Fashion accessories,52.42,3,165.12
695-09-5146,Member,Female,Food and beverages,98.79,3,311.19
155-45-3814,Member,Female,Electronic accessories,88.55,8,743.82
794-32-2436,Member,Male,Electronic accessories,55.67,2,116.91
131-15-8856,Member,Female,Food and beverages,72.52,8,609.17
273-84-2164,Member,Male,Electronic accessories,12.05,5,63.26
706-36-6154,Member,Male,Home and lifestyle,19.36,9,182.95
778-89-7974,Normal,Male,Health and beauty,70.21,6,442.32
574-31-8277,Member,Male,Fashion accessories,33.63,1,35.31
859-71-0933,Member,Female,Sports and travel,15.49,2,32.53
740-11-5257,Normal,Male,Electronic accessories,24.74,10,259.77
369-82-2676,Normal,Male,Electronic accessories,75.66,5,397.22
563-47-4072,Normal,Female,Health and beauty,55.81,6,351.60
742-04-5161,Member,Male,Home and lifestyle,72.78,10,764.19
149-15-7606,Member,Male,Sports and travel,37.32,9,352.67
133-77-3154,Member,Male,Fashion accessories,60.18,4,252.76
169-52-4504,Normal,Female,Electronic accessories,15.69,3,49.42
250-81-7186,Normal,Female,Electronic accessories,99.69,1,104.67
562-12-5430,Member,Female,Fashion accessories,88.15,3,277.67
816-72-8853,Member,Female,Sports and travel,27.93,5,146.63
491-38-3499,Member,Male,Fashion accessories,55.45,1,58.22
322-02-2271,Normal,Female,Sports and travel,42.97,3,135.36
842-29-4695,Member,Male,Sports and travel,17.14,7,125.98
725-67-2480,Member,Female,Fashion accessories,58.75,6,370.13
641-51-2661,Member,Female,Food and beverages,87.10,10,914.55
714-02-3114,Normal,Female,Sports and travel,98.80,2,207.48
518-17-2983,Normal,Female,Fashion accessories,48.63,4,204.25
779-42-2410,Member,Male,Food and beverages,57.74,3,181.88
190-14-3147,Normal,Female,Health and beauty,17.97,4,75.47
408-66-6712,Member,Female,Health and beauty,47.71,6,300.57
679-22-6530,Normal,Female,Sports and travel,40.62,2,85.30
588-47-8641,Member,Male,Fashion accessories,56.04,10,588.42
642-61-4706,Member,Male,Food and beverages,93.40,2,196.14
576-31-4774,Normal,Female,Health and beauty,73.41,3,231.24
556-41-6224,Normal,Male,Health and beauty,33.64,8,282.58
811-03-8790,Normal,Female,Electronic accessories,45.48,10,477.54
242-11-3142,Member,Male,Fashion accessories,83.77,2,175.92
752-23-3760,Member,Female,Sports and travel,64.08,7,470.99
274-05-5470,Member,Female,Food and beverages,73.47,4,308.57
648-94-3045,Normal,Male,Health and beauty,58.95,10,618.98
130-67-4723,Member,Male,Food and beverages,48.50,6,305.55
528-87-5606,Member,Female,Electronic accessories,39.48,1,41.45
320-85-2052,Normal,Female,Sports and travel,34.81,1,36.55
370-96-0655,Normal,Female,Fashion accessories,49.32,6,310.72
105-10-6182,Member,Male,Fashion accessories,21.48,2,45.11
510-79-0415,Member,Female,Sports and travel,23.08,6,145.40
241-96-5076,Member,Female,Home and lifestyle,49.10,2,103.11
767-97-4650,Member,Female,Sports and travel,64.83,2,136.14
648-83-1321,Member,Male,Home and lifestyle,63.56,10,667.38
173-57-2300,Member,Male,Sports and travel,72.88,2,153.05
305-03-2383,Normal,Female,Food and beverages,67.10,3,211.37
394-55-6384,Member,Female,Sports and travel,70.19,9,663.30
266-20-6657,Member,Male,Food and beverages,55.04,7,404.54
689-05-1884,Member,Male,Health and beauty,48.63,10,510.62
196-01-2849,Member,Female,Fashion accessories,73.38,7,539.34
372-62-5264,Normal,Female,Food and beverages,52.60,9,497.07
800-09-8606,Member,Female,Home and lifestyle,87.37,5,458.69
182-52-7000,Member,Female,Sports and travel,27.04,4,113.57
826-58-8051,Normal,Male,Home and lifestyle,62.19,4,261.20
868-06-0466,Member,Male,Electronic accessories,69.58,9,657.53
751-41-9720,Normal,Male,Home and lifestyle,97.50,10,1023.75
626-43-7888,Normal,Female,Fashion accessories,60.41,8,507.44
176-64-7711,Normal,Male,Food and beverages,32.32,3,101.81
191-29-0321,Member,Female,Fashion accessories,19.77,10,207.59
729-06-2010,Member,Male,Health and beauty,80.47,9,760.44
640-48-5028,Member,Female,Home and lifestyle,88.39,9,835.29
186-79-9562,Normal,Male,Health and beauty,71.77,7,527.51
834-45-5519,Normal,Female,Electronic accessories,43.00,4,180.60
162-65-8559,Member,Male,Food and beverages,68.98,1,72.43
760-27-5490,Normal,Male,Fashion accessories,15.62,8,131.21
445-30-9252,Normal,Male,Sports and travel,25.70,3,80.96
786-94-2700,Member,Male,Food and beverages,80.62,6,507.91
728-88-7867,Member,Female,Home and lifestyle,75.53,4,317.23
183-21-3799,Normal,Female,Electronic accessories,77.63,9,733.60
268-20-3585,Normal,Female,Health and beauty,13.85,9,130.88
735-32-9839,Member,Male,Fashion accessories,98.70,8,829.08
258-92-7466,Normal,Female,Health and beauty,35.68,5,187.32
857-16-3520,Member,Female,Fashion accessories,71.46,7,525.23
482-17-1179,Member,Male,Electronic accessories,11.94,3,37.61
788-21-5741,Normal,Male,Fashion accessories,45.38,3,142.95
821-14-9046,Member,Female,Fashion accessories,17.48,6,110.12
418-05-0656,Normal,Female,Fashion accessories,25.56,7,187.87
678-79-0726,Member,Female,Sports and travel,90.63,9,856.45
776-68-1096,Normal,Male,Home and lifestyle,44.12,3,138.98
592-46-1692,Member,Female,Food and beverages,36.77,7,270.26
434-35-9162,Member,Male,Food and beverages,23.34,4,98.03
149-14-0304,Member,Female,Health and beauty,28.50,8,239.40
442-44-6497,Member,Male,Home and lifestyle,55.57,3,175.05
174-64-0215,Normal,Male,Sports and travel,69.74,10,732.27
210-74-9613,Normal,Male,Fashion accessories,97.26,4,408.49
299-29-0180,Member,Female,Home and lifestyle,52.18,7,383.52
247-11-2470,Member,Female,Fashion accessories,22.32,4,93.74
635-28-5728,Normal,Male,Health and beauty,56.00,3,176.40
756-49-0168,Member,Male,Fashion accessories,19.70,1,20.69
438-23-1242,Normal,Male,Electronic accessories,75.88,7,557.72
238-45-6950,Member,Male,Food and beverages,53.72,1,56.41
607-65-2441,Member,Male,Health and beauty,81.95,10,860.48
386-27-7606,Member,Female,Home and lifestyle,81.20,7,596.82
137-63-5492,Normal,Male,Electronic accessories,58.76,10,616.98
197-77-7132,Member,Male,Electronic accessories,91.56,8,769.10
805-86-0265,Normal,Male,Home and lifestyle,93.96,9,887.92
733-29-1227,Normal,Male,Home and lifestyle,55.61,7,408.73
451-73-2711,Normal,Male,Food and beverages,84.83,1,89.07
373-14-0504,Member,Female,Sports and travel,71.63,2,150.42
546-80-2899,Member,Male,Home and lifestyle,37.69,2,79.15
345-68-9016,Member,Female,Sports and travel,31.67,8,266.03
390-17-5806,Member,Female,Food and beverages,38.42,1,40.34
457-13-1708,Member,Male,Fashion accessories,65.23,10,684.92
664-14-2882,Member,Female,Home and lifestyle,10.53,5,55.28
487-79-6868,Member,Female,Home and lifestyle,12.29,9,116.14
314-23-4520,Member,Male,Health and beauty,81.23,7,597.04
210-30-7976,Member,Female,Fashion accessories,22.32,4,93.74
585-86-8361,Normal,Female,Food and beverages,27.28,5,143.22
807-14-7833,Member,Female,Electronic accessories,17.42,10,182.91
775-72-1988,Normal,Male,Home and lifestyle,73.28,5,384.72
288-38-3758,Member,Female,Fashion accessories,84.87,3,267.34
652-43-6591,Normal,Female,Fashion accessories,97.29,8,817.24
785-96-0615,Member,Female,Electronic accessories,35.74,8,300.22
406-46-7107,Normal,Female,Home and lifestyle,96.52,6,608.08
250-17-5703,Member,Male,Food and beverages,18.85,10,197.93
156-95-3964,Normal,Female,Food and beverages,55.39,4,232.64
842-40-8179,Member,Female,Food and beverages,77.20,10,810.60
525-09-8450,Normal,Male,Electronic accessories,72.13,10,757.37
410-67-1709,Member,Female,Fashion accessories,63.88,8,536.59
587-73-4862,Member,Female,Health and beauty,10.69,5,56.12
787-87-2010,Member,Male,Health and beauty,55.50,4,233.10
593-14-4239,Normal,Female,Home and lifestyle,95.46,8,801.86
801-88-0346,Normal,Female,Fashion accessories,76.06,3,239.59
388-76-2555,Normal,Male,Sports and travel,13.69,6,86.25
711-31-1234,Normal,Female,Electronic accessories,95.64,4,401.69
886-54-6089,Normal,Female,Home and lifestyle,11.43,6,72.01
707-32-7409,Member,Female,Sports and travel,95.54,4,401.27
759-98-4285,Member,Female,Health and beauty,85.87,7,631.14
201-63-8275,Member,Female,Sports and travel,67.99,7,499.73
471-06-8611,Normal,Female,Food and beverages,52.42,1,55.04
200-16-5952,Member,Male,Food and beverages,65.65,2,137.87
120-54-2248,Normal,Female,Food and beverages,28.86,5,151.52
102-77-2261,Member,Male,Health and beauty,65.31,7,480.03
875-31-8302,Normal,Male,Sports and travel,93.38,1,98.05
102-06-2002,Member,Male,Sports and travel,25.25,5,132.56
457-94-0464,Member,Male,Electronic accessories,87.87,9,830.37
629-42-4133,Normal,Male,Health and beauty,21.80,8,183.12
534-53-3526,Normal,Female,Sports and travel,94.76,4,397.99
307-04-2070,Member,Female,Fashion accessories,30.62,1,32.15
468-99-7231,Normal,Female,Home and lifestyle,44.01,8,369.68
516-77-6464,Member,Female,Health and beauty,10.16,5,53.34
404-91-5964,Normal,Male,Electronic accessories,74.58,7,548.16
886-77-9084,Normal,Male,Electronic accessories,71.89,8,603.88
790-38-4466,Normal,Female,Health and beauty,10.99,5,57.70
704-10-4056,Member,Male,Health and beauty,60.47,3,190.48
497-37-6538,Normal,Male,Sports and travel,58.91,7,432.99
651-96-5970,Normal,Male,Fashion accessories,46.41,1,48.73
400-80-4065,Member,Male,Health and beauty,68.55,4,287.91
744-16-7898,Normal,Female,Home and lifestyle,97.37,10,1022.39
263-12-5321,Member,Male,Electronic accessories,92.60,7,680.61
702-72-0487,Normal,Female,Electronic accessories,46.61,2,97.88
605-83-1050,Normal,Male,Fashion accessories,27.18,2,57.08
443-60-9639,Member,Female,Home and lifestyle,60.87,1,63.91
864-24-7918,Member,Female,Sports and travel,24.49,10,257.15
359-94-5395,Normal,Male,Health and beauty,92.78,1,97.42
401-09-4232,Member,Male,Home and lifestyle,86.69,5,455.12
751-15-6198,Normal,Male,Sports and travel,23.01,6,144.96
324-41-6833,Member,Female,Electronic accessories,30.20,8,253.68
474-33-8305,Member,Male,Fashion accessories,67.39,7,495.32
759-29-9521,Member,Female,Fashion accessories,48.96,9,462.67
831-81-6575,Member,Female,Electronic accessories,75.59,9,714.33
220-68-6701,Normal,Female,Home and lifestyle,77.47,4,325.37
618-34-8551,Normal,Female,Sports and travel,93.18,2,195.68
257-60-7754,Normal,Female,Electronic accessories,50.23,4,210.97
559-61-5987,Normal,Female,Health and beauty,17.75,1,18.64
189-55-2313,Normal,Female,Fashion accessories,62.18,10,652.89
565-91-4567,Normal,Male,Health and beauty,10.75,8,90.30
380-60-5336,Normal,Female,Electronic accessories,40.26,10,422.73
815-04-6282,Member,Female,Sports and travel,64.97,5,341.09
674-56-6360,Normal,Male,Electronic accessories,95.15,1,99.91
778-34-2523,Member,Female,Electronic accessories,48.62,8,408.41
499-27-7781,Normal,Female,Food and beverages,53.21,8,446.96
477-59-2456,Normal,Female,Fashion accessories,45.44,7,333.98
832-51-6761,Normal,Male,Food and beverages,33.88,8,284.59
869-11-3082,Member,Male,Health and beauty,96.16,4,403.87
190-59-3964,Member,Male,Food and beverages,47.16,5,247.59
366-43-6862,Normal,Male,Electronic accessories,52.89,4,222.14
186-43-8965,Member,Female,Home and lifestyle,47.68,2,100.13
784-21-9238,Member,Male,Sports and travel,10.17,1,10.68
276-75-6884,Normal,Female,Health and beauty,68.71,3,216.44
109-86-4363,Member,Female,Sports and travel,60.08,7,441.59
569-76-2760,Member,Female,Sports and travel,22.01,4,92.44
222-42-0244,Member,Female,Health and beauty,72.11,9,681.44
760-53-9233,Member,Male,Fashion accessories,41.28,3,130.03
538-22-0304,Normal,Male,Electronic accessories,64.95,10,681.98
416-17-9926,Member,Female,Electronic accessories,74.22,10,779.31
237-44-6163,Normal,Male,Electronic accessories,10.56,8,88.70
636-17-0325,Normal,Male,Health and beauty,62.57,4,262.79
343-75-9322,Member,Female,Sports and travel,11.85,8,99.54
528-14-9470,Member,Male,Health and beauty,91.30,1,95.87
427-45-9297,Member,Female,Home and lifestyle,40.73,7,299.37
807-34-3742,Normal,Male,Fashion accessories,52.38,1,55.00
288-62-1085,Member,Male,Fashion accessories,38.54,5,202.34
670-71-7306,Normal,Male,Sports and travel,44.63,6,281.17
660-29-7083,Normal,Male,Electronic accessories,55.87,10,586.64
271-77-8740,Member,Female,Sports and travel,29.22,6,184.09
497-36-0989,Normal,Male,Fashion accessories,51.94,3,163.61
291-59-1384,Normal,Male,Electronic accessories,60.30,1,63.32
860-73-6466,Member,Female,Sports and travel,39.47,2,82.89
549-23-9016,Member,Female,Food and beverages,14.87,2,31.23
896-34-0956,Normal,Male,Fashion accessories,21.32,1,22.39
804-38-3935,Member,Male,Electronic accessories,93.78,3,295.41
585-90-0249,Member,Male,Electronic accessories,73.26,1,76.92
862-29-5914,Normal,Female,Sports and travel,22.38,1,23.50
845-94-6841,Member,Female,Food and beverages,72.88,9,688.72
125-45-2293,Normal,Female,Fashion accessories,99.10,6,624.33
843-73-4724,Normal,Male,Fashion accessories,74.10,1,77.81
409-33-9708,Normal,Female,Fashion accessories,98.48,2,206.81
658-66-3967,Normal,Male,Health and beauty,53.19,7,390.95
866-70-2814,Normal,Female,Electronic accessories,52.79,10,554.30
160-22-2687,Member,Female,Health and beauty,95.95,5,503.74
895-03-6665,Normal,Female,Fashion accessories,36.51,9,345.02
770-42-8960,Normal,Male,Food and beverages,21.12,8,177.41
748-45-2862,Member,Female,Home and lifestyle,28.31,4,118.90
234-36-2483,Normal,Male,Health and beauty,57.59,6,362.82
316-66-3011,Member,Female,Food and beverages,47.63,9,450.10
848-95-6252,Member,Female,Home and lifestyle,86.27,1,90.58
840-76-5966,Member,Male,Sports and travel,12.76,2,26.80
152-03-4217,Normal,Female,Home and lifestyle,11.28,9,106.60
533-66-5566,Normal,Female,Home and lifestyle,51.07,7,375.36
124-31-1458,Member,Female,Electronic accessories,79.59,3,250.71
176-78-1170,Member,Male,Health and beauty,33.81,3,106.50
361-59-0574,Member,Male,Sports and travel,90.53,8,760.45
101-81-4070,Member,Female,Health and beauty,62.82,2,131.92
631-34-1880,Member,Male,Food and beverages,24.31,3,76.58
852-82-2749,Normal,Male,Sports and travel,64.59,4,271.28
873-14-6353,Member,Male,Food and beverages,24.82,7,182.43
584-66-4073,Normal,Male,Fashion accessories,56.50,1,59.33
544-55-9589,Member,Female,Electronic accessories,21.43,10,225.02
166-19-2553,Member,Male,Sports and travel,89.06,6,561.08
737-88-5876,Member,Male,Home and lifestyle,23.29,4,97.82
154-87-7367,Normal,Male,Home and lifestyle,65.26,8,548.18
885-56-0389,Member,Male,Fashion accessories,52.35,1,54.97
608-05-3804,Member,Male,Electronic accessories,39.75,1,41.74
448-61-3783,Normal,Female,Electronic accessories,90.02,8,756.17
761-49-0439,Member,Female,Electronic accessories,12.10,8,101.64
490-95-0021,Member,Female,Food and beverages,33.21,10,348.71
115-38-7388,Member,Female,Fashion accessories,10.18,8,85.51
311-13-6971,Member,Male,Sports and travel,31.99,10,335.90
291-55-6563,Member,Female,Home and lifestyle,34.42,6,216.85
548-48-3156,Member,Female,Food and beverages,83.34,2,175.01
460-93-5834,Normal,Male,Sports and travel,45.58,7,335.01
325-89-4209,Member,Male,Food and beverages,87.90,1,92.30
884-80-6021,Member,Female,Electronic accessories,73.47,10,771.44
137-74-8729,Normal,Female,Fashion accessories,12.19,8,102.40
880-46-5796,Member,Male,Sports and travel,76.92,10,807.66
389-70-2397,Normal,Female,Health and beauty,83.66,5,439.22
114-35-5271,Normal,Female,Electronic accessories,57.91,8,486.44
607-76-6216,Member,Female,Fashion accessories,92.49,5,485.57
715-20-1673,Normal,Male,Electronic accessories,28.38,5,149.00
811-35-1094,Member,Male,Electronic accessories,50.45,6,317.84
699-88-1972,Normal,Male,Health and beauty,99.16,8,832.94
781-84-8059,Normal,Male,Fashion accessories,60.74,7,446.44
409-49-6995,Member,Female,Food and beverages,47.27,6,297.80
725-54-0677,Member,Male,Health and beauty,85.60,7,629.16
146-09-5432,Member,Male,Food and beverages,35.04,9,331.13
377-79-7592,Member,Female,Electronic accessories,44.84,9,423.74
509-10-0516,Normal,Male,Home and lifestyle,45.97,4,193.07
595-94-9924,Member,Female,Health and beauty,27.73,5,145.58
865-41-9075,Normal,Male,Food and beverages,11.53,7,84.75
545-07-8534,Normal,Female,Health and beauty,58.32,2,122.47
118-62-1812,Member,Female,Home and lifestyle,78.38,4,329.20
450-42-3339,Normal,Male,Health and beauty,84.61,10,888.41
851-98-3555,Normal,Female,Health and beauty,82.88,5,435.12
186-71-5196,Member,Female,Food and beverages,79.54,2,167.03
624-01-8356,Normal,Female,Home and lifestyle,49.01,10,514.61
313-66-9943,Member,Female,Food and beverages,29.15,3,91.82
151-27-8496,Normal,Female,Electronic accessories,56.13,4,235.75
453-33-6436,Normal,Female,Home and lifestyle,93.12,8,782.21
522-57-8364,Member,Male,Fashion accessories,51.34,8,431.26
459-45-2396,Member,Female,Food and beverages,99.60,3,313.74
717-96-4189,Normal,Female,Electronic accessories,35.49,6,223.59
722-13-2115,Member,Male,Sports and travel,42.85,1,44.99
749-81-8133,Normal,Female,Fashion accessories,94.67,4,397.61
777-67-2495,Normal,Male,Home and lifestyle,68.97,3,217.26
636-98-3364,Member,Female,Electronic accessories,26.26,3,82.72
246-55-6923,Member,Female,Home and lifestyle,35.79,9,338.22
181-82-6255,Normal,Female,Home and lifestyle,16.37,6,103.13
838-02-1821,Member,Female,Home and lifestyle,12.73,2,26.73
887-42-0517,Normal,Female,Sports and travel,83.14,7,611.08
457-12-0244,Member,Female,Sports and travel,35.22,6,221.89
226-34-0034,Normal,Female,Electronic accessories,13.78,4,57.88
321-49-7382,Member,Male,Sports and travel,88.31,1,92.73
397-25-8725,Member,Female,Health and beauty,39.62,9,374.41
431-66-2305,Normal,Female,Electronic accessories,88.25,9,833.96
825-94-5922,Normal,Male,Sports and travel,25.31,2,53.15
641-62-7288,Normal,Male,Home and lifestyle,99.92,6,629.50
756-93-1854,Member,Female,Fashion accessories,83.35,2,175.04
243-55-8457,Normal,Female,Food and beverages,74.44,10,781.62
458-10-8612,Normal,Male,Health and beauty,64.08,7,470.99
501-61-1753,Normal,Female,Home and lifestyle,63.15,6,397.85
235-06-8510,Member,Male,Home and lifestyle,85.72,3,270.02
433-08-7822,Normal,Female,Health and beauty,78.89,7,579.84
361-85-2571,Normal,Female,Sports and travel,89.48,5,469.77
131-70-8179,Member,Female,Health and beauty,92.09,3,290.08
500-02-2261,Normal,Female,Food and beverages,57.29,6,360.93
720-72-2436,Normal,Male,Food and beverages,66.52,4,279.38
702-83-5291,Member,Male,Fashion accessories,99.82,9,943.30
809-69-9497,Normal,Female,Home and lifestyle,45.68,10,479.64
449-16-6770,Normal,Male,Health and beauty,50.79,5,266.65
333-23-2632,Member,Male,Health and beauty,10.08,7,74.09
489-82-1237,Normal,Female,Electronic accessories,93.88,7,690.02
859-97-6048,Member,Male,Electronic accessories,84.25,2,176.93
676-10-2200,Member,Male,Fashion accessories,53.78,1,56.47
373-88-1424,Member,Male,Home and lifestyle,35.81,5,188.00
365-16-4334,Normal,Female,Food and beverages,26.43,8,222.01
503-21-4385,Member,Male,Health and beauty,39.91,3,125.72
305-89-2768,Member,Female,Home and lifestyle,21.90,3,68.99
574-80-1489,Member,Female,Food and beverages,62.85,4,263.97
784-08-0310,Member,Female,Food and beverages,21.04,4,88.37
200-40-6154,Member,Male,Home and lifestyle,65.91,6,415.23
846-10-0341,Normal,Female,Fashion accessories,42.57,7,312.89
577-34-7579,Member,Male,Food and beverages,50.49,9,477.13
430-02-3888,Normal,Male,Electronic accessories,46.02,6,289.93
867-47-1948,Normal,Female,Home and lifestyle,15.80,10,165.90
384-59-6655,Member,Female,Food and beverages,98.66,9,932.34
256-58-3609,Member,Male,Fashion accessories,91.98,1,96.58
324-92-3863,Member,Male,Electronic accessories,20.89,2,43.87
593-08-5916,Normal,Female,Fashion accessories,15.50,1,16.28
364-34-2972,Member,Male,Electronic accessories,96.82,3,304.98
794-42-3736,Normal,Male,Food and beverages,33.33,2,69.99
172-42-8274,Normal,Female,Electronic accessories,38.27,2,80.37
558-60-5016,Normal,Female,Home and lifestyle,33.30,9,314.69
195-06-0432,Member,Male,Home and lifestyle,81.01,3,255.18
605-03-2706,Normal,Female,Health and beauty,15.80,3,49.77
214-30-2776,Member,Female,Electronic accessories,34.49,5,181.07
746-04-1077,Member,Female,Food and beverages,84.63,10,888.62
448-34-8700,Member,Male,Home and lifestyle,36.91,7,271.29
452-04-8808,Normal,Male,Electronic accessories,87.08,7,640.04
531-56-4728,Normal,Male,Home and lifestyle,80.08,3,252.25
744-82-9138,Normal,Male,Fashion accessories,86.13,2,180.87
883-69-1285,Member,Male,Fashion accessories,49.92,2,104.83
221-25-5073,Normal,Female,Food and beverages,74.66,4,313.57
518-71-6847,Member,Male,Food and beverages,26.60,6,167.58
156-20-0370,Normal,Female,Electronic accessories,25.45,1,26.72
151-33-7434,Normal,Female,Food and beverages,67.77,1,71.16
728-47-9078,Member,Male,Food and beverages,59.59,4,250.28
809-46-1866,Normal,Male,Health and beauty,58.15,4,244.23
139-32-4183,Member,Female,Sports and travel,97.48,9,921.19
148-41-7930,Normal,Male,Health and beauty,99.96,7,734.71
189-40-5216,Normal,Male,Electronic accessories,96.37,7,708.32
374-38-5555,Normal,Female,Fashion accessories,63.71,5,334.48
764-44-8999,Normal,Female,Health and beauty,14.76,2,31.00
552-44-5977,Member,Male,Health and beauty,62.00,8,520.80
267-62-7380,Member,Male,Electronic accessories,82.34,10,864.57
430-53-4718,Member,Male,Health and beauty,75.37,8,633.11
886-18-2897,Normal,Female,Food and beverages,56.56,5,296.94
602-16-6955,Normal,Female,Sports and travel,76.60,10,804.30
745-74-0715,Normal,Male,Electronic accessories,58.03,2,121.86
690-01-6631,Normal,Male,Fashion accessories,17.49,10,183.65
652-49-6720,Member,Female,Electronic accessories,60.95,1,64.00
233-67-5758,Normal,Male,Health and beauty,40.35,1,42.37
303-96-2227,Normal,Female,Home and lifestyle,97.38,10,1022.49
727-02-1313,Member,Male,Food and beverages,31.84,1,33.43
347-56-2442,Normal,Male,Home and lifestyle,65.82,1,69.11
849-09-3807,Member,Female,Fashion accessories,88.34,7,649.30
